###多表查询 1.1	连接查询	交叉连接:cross join	交叉连接：查询到的是两个表的笛卡尔积。	语法：	select  from 表1 cross join 表2;	select  from 表1,表2;	内连接:inner join(inner是可以省略的)	显示内连接：在SQL中显示的调用inner join关键字	语法：select  from 表1 inner join 表2 on 关联条件;	隐式内连接：在SQL中没有调用inner join关键字	语法：select  from 表1,表2 where 关联条件;	外连接:outer join(outer可以省略的)	左外连接：	语法：select  from 表1 left outer join 表2 on 关联条件;	右外连接	语法：select  from 表1 right outer join 表2 on 关联条件;1.2	子查询	子查询：一个查询语句条件需要依赖另一个查询语句的结果。1.6	多表查询之数据准备1.6.1	数据准备```
/*
SQLyog Ultimate v8.32 
MySQL - 5.5.27 : Database - day02_db1
*********************************************************************
*/


/*!40101 SET NAMES utf8 */;

/*!40101 SET SQL_MODE=''*/;

/*!40014 SET @OLD_UNIQUE_CHECKS=@@UNIQUE_CHECKS, UNIQUE_CHECKS=0 */;
/*!40014 SET @OLD_FOREIGN_KEY_CHECKS=@@FOREIGN_KEY_CHECKS, FOREIGN_KEY_CHECKS=0 */;
/*!40101 SET @OLD_SQL_MODE=@@SQL_MODE, SQL_MODE='NO_AUTO_VALUE_ON_ZERO' */;
/*!40111 SET @OLD_SQL_NOTES=@@SQL_NOTES, SQL_NOTES=0 */;
CREATE DATABASE /*!32312 IF NOT EXISTS*/`day02_db1` /*!40100 DEFAULT CHARACTER SET utf8 */;

USE `day02_db1`;

/*Table structure for table `classes` */

DROP TABLE IF EXISTS `classes`;

CREATE TABLE `classes` (
  `cid` int(11) NOT NULL AUTO_INCREMENT,
  `cname` varchar(20) DEFAULT NULL,
  `cnum` int(11) DEFAULT NULL,
  PRIMARY KEY (`cid`)
) ENGINE=InnoDB AUTO_INCREMENT=5 DEFAULT CHARSET=utf8;

/*Data for the table `classes` */

insert  into `classes`(`cid`,`cname`,`cnum`) values (1,'01班',NULL),(2,'02班',NULL),(3,'03班',NULL),(4,'04班',NULL);

/*Table structure for table `course` */

DROP TABLE IF EXISTS `course`;

CREATE TABLE `course` (
  `cid` int(11) NOT NULL AUTO_INCREMENT,
  `cname` varchar(20) DEFAULT NULL,
  PRIMARY KEY (`cid`)
) ENGINE=InnoDB AUTO_INCREMENT=4 DEFAULT CHARSET=utf8;

/*Data for the table `course` */

insert  into `course`(`cid`,`cname`) values (1,'java'),(2,'c++'),(3,'php');

/*Table structure for table `stu_cou` */

DROP TABLE IF EXISTS `stu_cou`;

CREATE TABLE `stu_cou` (
  `scid` int(11) NOT NULL AUTO_INCREMENT,
  `sno` int(11) DEFAULT NULL,
  `cno` int(11) DEFAULT NULL,
  `score` int(11) DEFAULT NULL,
  PRIMARY KEY (`scid`),
  KEY `FK_stu_cou_001` (`sno`),
  KEY `FK_stu_cou_002` (`cno`),
  CONSTRAINT `FK_stu_cou_002` FOREIGN KEY (`cno`) REFERENCES `course` (`cid`),
  CONSTRAINT `FK_stu_cou_001` FOREIGN KEY (`sno`) REFERENCES `students` (`sid`)
) ENGINE=InnoDB AUTO_INCREMENT=20 DEFAULT CHARSET=utf8;

/*Data for the table `stu_cou` */

insert  into `stu_cou`(`scid`,`sno`,`cno`,`score`) values (1,1,1,80),(2,1,2,70),(3,2,2,90),(4,3,1,88),(5,3,2,90),(6,3,3,92),(7,4,1,70),(8,4,3,66),(9,5,2,85),(10,5,3,75),(11,6,3,98),(12,7,1,65),(13,7,2,60),(14,7,3,59),(15,8,1,88),(16,8,2,99),(17,9,1,100),(18,9,2,98),(19,9,3,100);

/*Table structure for table `students` */

DROP TABLE IF EXISTS `students`;

CREATE TABLE `students` (
  `sid` int(11) NOT NULL AUTO_INCREMENT,
  `sname` varchar(20) DEFAULT NULL,
  `cno` int(11) DEFAULT NULL,
  PRIMARY KEY (`sid`),
  KEY `FK_students_001` (`cno`),
  CONSTRAINT `FK_students_001` FOREIGN KEY (`cno`) REFERENCES `classes` (`cid`)
) ENGINE=InnoDB AUTO_INCREMENT=10 DEFAULT CHARSET=utf8;

/*Data for the table `students` */

insert  into `students`(`sid`,`sname`,`cno`) values (1,'张三',1),(2,'李四',4),(3,'王五',2),(4,'赵六',3),(5,'周七',4),(6,'田八',1),(7,'小明',2),(8,'小红',3),(9,'小刚',3);

/*!40101 SET SQL_MODE=@OLD_SQL_MODE */;
/*!40014 SET FOREIGN_KEY_CHECKS=@OLD_FOREIGN_KEY_CHECKS */;
/*!40014 SET UNIQUE_CHECKS=@OLD_UNIQUE_CHECKS */;
/*!40111 SET SQL_NOTES=@OLD_SQL_NOTES */;


```拷贝以上👆内容保存到 test.sql 文件中。然后在命令行下导入到数据库中，

>mysql> source  /Users/alfred/Desktop/demo/test.sql
>
>Query OK, 0 rows affected (0.00 sec)####1.1	多表查询之交叉连接* 交叉连接	使用cross join关键字	>select * from classes course join students;	不使用cross join关键字	>SELECT * FROM classes, students;* 多表查询之内连接	内连接
	
	显示内连接
	>select * from classes c inner join students s on c.cid = s.cno;	隐式内连接	>SELECT * FROM classes c,students s WHERE c.cid = s.cno;	
* 多表查询之外连接	外连接	左外连接	>SELECT * FROM classes c LEFT OUTER JOIN students s ON c.cid = s.cno;	右外连接>select * from classes c right outer join students s on c.cid = s.cno;

```
mysql> select * from classes c right outer join students s on c.cid = s.cno;
+------+-------+------+-----+--------+------+
| cid  | cname | cnum | sid | sname  | cno  |
+------+-------+------+-----+--------+------+
|    1 | 01班  | NULL |   1 | 张三   |    1 |
|    1 | 01班  | NULL |   6 | 田八   |    1 |
|    2 | 02班  | NULL |   3 | 王五   |    2 |
|    2 | 02班  | NULL |   7 | 小明   |    2 |
|    3 | 03班  | NULL |   4 | 赵六   |    3 |
|    3 | 03班  | NULL |   8 | 小红   |    3 |
|    3 | 03班  | NULL |   9 | 小刚   |    3 |
|    4 | 04班  | NULL |   2 | 李四   |    4 |
|    4 | 04班  | NULL |   5 | 周七   |    4 |
+------+-------+------+-----+--------+------+
9 rows in set (0.00 sec)
```* 多表查询之内连接与外连接的区别1.1.1	内连接和外连接的区别1.7	多表查询之子查询1.7.1	子查询1.7.1.1	带in的子查询	查询学生生日在91年之后的班级的信息。>select * from classes where cid in (SELECT cno FROM students WHERE birthday > '1991-01-01');```
mysql> select * from classes where cid in (SELECT cno FROM students WHERE birthday > '1991-01-01');
+-----+-------+------+
| cid | cname | cnum |
+-----+-------+------+
|   1 | 01班  |   20 |
|   2 | 02班  |   30 |
|   3 | 03班  |   32 |
|   4 | 04班  |   41 |
+-----+-------+------+
4 rows in set (0.00 sec)
```
1.7.1.2	带exists的子查询	查询学生生日大于91年1月1日，如果记录存在，前面的SQL语句就会执行>select * from classes where exists (SELECT cno FROM students WHERE birthday > '1991-01-01');

```
mysql> select * from classes where exists (SELECT cno FROM students WHERE birthday > '1991-01-01');
+-----+-------+------+
| cid | cname | cnum |
+-----+-------+------+
|   1 | 01班  |   20 |
|   2 | 02班  |   30 |
|   3 | 03班  |   32 |
|   4 | 04班  |   41 |
+-----+-------+------+
4 rows in set (0.00 sec)
```1.7.1.3	带any的子查询>SELECT * FROM classes WHERE cid > ANY (SELECT cno FROM students );```
mysql> SELECT * FROM classes WHERE cid > ANY (SELECT cno FROM students );
+-----+-------+------+
| cid | cname | cnum |
+-----+-------+------+
|   2 | 02班  |   30 |
|   3 | 03班  |   32 |
|   4 | 04班  |   41 |
+-----+-------+------+
3 rows in set (0.00 sec)
```1.7.1.4	带all的子查询>SELECT * FROM classes WHERE cid > ALL (SELECT cno FROM students);1.8	多表查询之练习1.8.1	多表查询的练习	查询班级名称，和班级总人数>SELECT c.cname,COUNT(*) FROM classes c,students s WHERE c.cid = s.cno GROUP BY c.cname;

```
mysql> SELECT c.cname,COUNT(*) FROM classes c,students s WHERE c.cid = s.cno GROUP BY c.cname;
+-------+----------+
| cname | COUNT(*) |
+-------+----------+
| 01班  |        2 |
| 02班  |        2 |
| 03班  |        3 |
| 04班  |        2 |
+-------+----------+
4 rows in set (0.00 sec)
```查询学生的姓名和学生所选的总课程平均成绩。>select s.sname,avg(sc.score) from students s,stu_cou sc where s.sid = sc.sno group by s.sname;

```
mysql> select s.sname,avg(sc.score) from students s,stu_cou sc where s.sid = sc.sno group by s.sname;
+--------+---------------+
| sname  | avg(sc.score) |
+--------+---------------+
| 周七   |       80.0000 |
| 小刚   |       99.3333 |
| 小明   |       61.3333 |
| 小红   |       93.5000 |
| 张三   |       75.0000 |
| 李四   |       90.0000 |
| 王五   |       90.0000 |
| 田八   |       98.0000 |
| 赵六   |       68.0000 |
+--------+---------------+
9 rows in set (0.00 sec)
```查询学生的姓名和学生的选课总数，显示选课超过2门学生姓名。>select s.sname,count(\*) from students s,stu_cou sc where s.sid = sc.sno group by s.sname having count(*) > 2;

```
mysql> select s.sname,count(*) from students s,stu_cou sc where s.sid = sc.sno group by s.sname having count(*) > 2;
+--------+----------+
| sname  | count(*) |
+--------+----------+
| 小刚   |        3 |
| 小明   |        3 |
| 王五   |        3 |
+--------+----------+
3 rows in set (0.00 sec)
```查询平均成绩大于80分的学生的总数。>select count(*) from students s where s.sid in (SELECT sc.sno FROM stu_cou sc GROUP BY sc.sno HAVING AVG(sc.score) >  80);```
mysql> select count(*) from students s where s.sid in (SELECT sc.sno FROM stu_cou sc GROUP BY sc.sno HAVING AVG(sc.score) > 80);
+----------+
| count(*) |
+----------+
|        5 |
+----------+
1 row in set (0.00 sec)


```查询学生和平均成绩，但是平均成绩大于01班的任何一个学生的平均成绩。>select s.sname,avg(sc.score) from students s,stu_cou sc where s.sid = sc.sno group by s.sname having avg(sc.score) > any(SELECT AVG(sc.score) FROM students s,stu\_cou sc,classes c WHERE s.sid = sc.sno AND s.cno = c.cid AND c.cname= '01班' GROUP BY s.sname);```
mysql> select s.sname,avg(sc.score) from students s,stu_cou sc where s.sid = sc.sno group by s.sname having avg(sc.score) > any(SELECT AVG(sc.score) FROM students s,stu_cou sc,classes c WHERE s.sid = sc.sno AND s.cno = c.cid AND c.cname= '01班' GROUP BY s.sname);
+--------+---------------+
| sname  | avg(sc.score) |
+--------+---------------+
| 周七   |       80.0000 |
| 小刚   |       99.3333 |
| 小红   |       93.5000 |
| 李四   |       90.0000 |
| 王五   |       90.0000 |
| 田八   |       98.0000 |
+--------+---------------+
6 rows in set (0.00 sec)
```